DrugBank_ID,Drug_Name,Drug_Type,drug,UniProt_ID,Target_Name,Gene_Name,gene_id
DB00136,Calcitriol,small molecule,38,P11473,Vitamin D3 receptor,VDR,0
DB00136,Calcitriol,small molecule,38,P31260,Homeobox protein Hox-A10,HOXA10,1
DB00188,Bortezomib,small molecule,41,P28074,Proteasome subunit beta type-5,PSMB5,2
DB00188,Bortezomib,small molecule,41,P20618,Proteasome subunit beta type-1,PSMB1,3
DB00252,Phenytoin,small molecule,51,Q14524,Sodium channel protein type 5 subunit alpha,SCN5A,4
DB00252,Phenytoin,small molecule,51,P35498,Sodium channel protein type 1 subunit alpha,SCN1A,5
DB00252,Phenytoin,small molecule,51,O75469,Nuclear receptor subfamily 1 group I member 2,NR1I2,6
DB00252,Phenytoin,small molecule,51,Q07699,Sodium channel subunit beta-1,SCN1B,7
DB00252,Phenytoin,small molecule,51,Q9NY46,Sodium channel protein type 3 subunit alpha,SCN3A,8
DB00252,Phenytoin,small molecule,51,Q12809,Potassium voltage-gated channel subfamily H member 2,KCNH2,9
DB00252,Phenytoin,small molecule,51,Q99250,Sodium channel protein type 2 subunit alpha,SCN2A,10
DB00252,Phenytoin,small molecule,51,Q9UQD0,Sodium channel protein type 8 subunit alpha,SCN8A,11
DB00262,Carmustine,small molecule,142,P00390,"Glutathione reductase, mitochondrial",GSR,12
DB00290,Bleomycin,small molecule,98,P18858,DNA ligase 1,LIG1,13
DB00290,Bleomycin,small molecule,98,P49916,DNA ligase 3,LIG3,14
DB00293,Raltitrexed,small molecule,170,P04818,Thymidylate synthase,TYMS,15
DB00293,Raltitrexed,small molecule,170,Q05932,"Folylpolyglutamate synthase, mitochondrial",FPGS,16
DB00313,Valproic acid,small molecule,174,P45954,"Short/branched chain specific acyl-CoA dehydrogenase, mitochondrial",ACADSB,17
DB00313,Valproic acid,small molecule,174,Q9UKV0,Histone deacetylase 9,HDAC9,18
DB00313,Valproic acid,small molecule,174,Q02218,"2-oxoglutarate dehydrogenase, mitochondrial",OGDH,19
DB00313,Valproic acid,small molecule,174,P51649,"Succinate-semialdehyde dehydrogenase, mitochondrial",ALDH5A1,20
DB00313,Valproic acid,small molecule,174,Q92769,Histone deacetylase 2,HDAC2,21
DB00313,Valproic acid,small molecule,174,Q07869,Peroxisome proliferator-activated receptor alpha,PPARA,22
DB00313,Valproic acid,small molecule,174,Q03181,Peroxisome proliferator-activated receptor delta,PPARD,23
DB00313,Valproic acid,small molecule,174,P37231,Peroxisome proliferator-activated receptor gamma,PPARG,24
DB00317,Gefitinib,small molecule,6,P00533,Epidermal growth factor receptor,EGFR,25
DB00331,Metformin,small molecule,121,Q9Y478,5'-AMP-activated protein kinase subunit beta-1,PRKAB1,26
DB00331,Metformin,small molecule,121,Q16134,"Electron transfer flavoprotein-ubiquinone oxidoreductase, mitochondrial",ETFDH,27
DB00331,Metformin,small molecule,121,P21695,"Glycerol-3-phosphate dehydrogenase [NAD(+)], cytoplasmic",GPD1,28
DB00361,Vinorelbine,small molecule,39,P07437,Tubulin beta chain,TUBB,29
DB00396,Progesterone,small molecule,47,P06401,Progesterone receptor,PGR,30
DB00396,Progesterone,small molecule,47,P03372,Estrogen receptor alpha,ESR1,31
DB00396,Progesterone,small molecule,47,P08235,Mineralocorticoid receptor,NR3C2,32
DB00396,Progesterone,small molecule,47,P05093,"Steroid 17-alpha-hydroxylase/17,20 lyase",CYP17A1,33
DB00396,Progesterone,small molecule,47,P41145,Kappa-type opioid receptor,OPRK1,34
DB00396,Progesterone,small molecule,47,P02763,Alpha-1-acid glycoprotein 1,ORM1,35
DB00396,Progesterone,small molecule,47,P04150,Glucocorticoid receptor,NR3C1,36
DB00396,Progesterone,small molecule,47,P10275,Androgen receptor,AR,37
DB00396,Progesterone,small molecule,47,P04278,Sex hormone-binding globulin,SHBG,38
DB00396,Progesterone,small molecule,47,Q92731,Estrogen receptor beta,ESR2,39
DB00398,Sorafenib,small molecule,13,P15056,Serine/threonine-protein kinase B-raf,BRAF,40
DB00398,Sorafenib,small molecule,13,P04049,RAF proto-oncogene serine/threonine-protein kinase,RAF1,41
DB00398,Sorafenib,small molecule,13,P35916,Vascular endothelial growth factor receptor 3,FLT4,42
DB00398,Sorafenib,small molecule,13,P35968,Vascular endothelial growth factor receptor 2,KDR,43
DB00398,Sorafenib,small molecule,13,P36888,Receptor-type tyrosine-protein kinase FLT3,FLT3,44
DB00398,Sorafenib,small molecule,13,P09619,Platelet-derived growth factor receptor beta,PDGFRB,45
DB00398,Sorafenib,small molecule,13,P10721,Mast/stem cell growth factor receptor Kit,KIT,46
DB00398,Sorafenib,small molecule,13,P11362,Fibroblast growth factor receptor 1,FGFR1,47
DB00398,Sorafenib,small molecule,13,P07949,Proto-oncogene tyrosine-protein kinase receptor Ret,RET,48
DB00398,Sorafenib,small molecule,13,P17948,Vascular endothelial growth factor receptor 1,FLT1,49
DB00441,Gemcitabine,small molecule,5,P23921,Ribonucleoside-diphosphate reductase large subunit,RRM1,50
DB00441,Gemcitabine,small molecule,5,P04818,Thymidylate synthase,TYMS,15
DB00441,Gemcitabine,small molecule,5,P30085,UMP-CMP kinase,CMPK1,51
DB00444,Teniposide,small molecule,116,P11388,DNA topoisomerase 2-alpha,TOP2A,52
DB00445,Epirubicin,small molecule,71,P11388,DNA topoisomerase 2-alpha,TOP2A,52
DB00480,Lenalidomide,small molecule,195,Q96SW2,Protein cereblon,CRBN,53
DB00480,Lenalidomide,small molecule,195,O14788,Tumor necrosis factor ligand superfamily member 11,TNFSF11,54
DB00480,Lenalidomide,small molecule,195,P33151,Cadherin-5,CDH5,55
DB00480,Lenalidomide,small molecule,195,P35354,Prostaglandin G/H synthase 2,PTGS2,56
DB00503,Ritonavir,small molecule,190,Q72874,Human immunodeficiency virus type 1 protease,pol,57
DB00503,Ritonavir,small molecule,190,O75469,Nuclear receptor subfamily 1 group I member 2,NR1I2,6
DB00515,Cisplatin,small molecule,4,P29372,DNA-3-methyladenine glycosylase,MPG,58
DB00515,Cisplatin,small molecule,4,P01023,Alpha-2-macroglobulin,A2M,59
DB00515,Cisplatin,small molecule,4,P02787,Serotransferrin,TF,60
DB00515,Cisplatin,small molecule,4,O00244,Copper transport protein ATOX1,ATOX1,61
DB00530,Erlotinib,small molecule,27,P00533,Epidermal growth factor receptor,EGFR,25
DB00530,Erlotinib,small molecule,27,O75469,Nuclear receptor subfamily 1 group I member 2,NR1I2,6
DB00531,Cyclophosphamide,small molecule,55,O75469,Nuclear receptor subfamily 1 group I member 2,NR1I2,6
DB00541,Vincristine,small molecule,26,P07437,Tubulin beta chain,TUBB,29
DB00541,Vincristine,small molecule,26,P68366,Tubulin alpha-4A chain,TUBA4A,62
DB00544,Fluorouracil,small molecule,2,P04818,Thymidylate synthase,TYMS,15
DB00563,Methotrexate,small molecule,25,P00374,Dihydrofolate reductase,DHFR,63
DB00563,Methotrexate,small molecule,25,P04818,Thymidylate synthase,TYMS,15
DB00563,Methotrexate,small molecule,25,P31939,Bifunctional purine biosynthesis protein PURH,ATIC,64
DB00570,Vinblastine,small molecule,91,Q71U36,Tubulin alpha-1A chain,TUBA1A,65
DB00570,Vinblastine,small molecule,91,P07437,Tubulin beta chain,TUBB,29
DB00570,Vinblastine,small molecule,91,Q9UJT1,Tubulin delta chain,TUBD1,66
DB00570,Vinblastine,small molecule,91,P23258,Tubulin gamma-1 chain,TUBG1,67
DB00570,Vinblastine,small molecule,91,Q9UJT0,Tubulin epsilon chain,TUBE1,68
DB00570,Vinblastine,small molecule,91,P05412,Transcription factor AP-1,JUN,69
DB00571,Propranolol,small molecule,180,P08588,Beta-1 adrenergic receptor,ADRB1,70
DB00571,Propranolol,small molecule,180,P07550,Beta-2 adrenergic receptor,ADRB2,71
DB00571,Propranolol,small molecule,180,P13945,Beta-3 adrenergic receptor,ADRB3,72
DB00571,Propranolol,small molecule,180,P08908,5-hydroxytryptamine receptor 1A,HTR1A,73
DB00571,Propranolol,small molecule,180,P28222,5-hydroxytryptamine receptor 1B,HTR1B,74
DB00619,Imatinib,small molecule,8,P11274,Breakpoint cluster region protein,BCR,75
DB00619,Imatinib,small molecule,8,P10721,Mast/stem cell growth factor receptor Kit,KIT,46
DB00619,Imatinib,small molecule,8,O43519,RET proto-oncogene,RET,48
DB00619,Imatinib,small molecule,8,P04629,High affinity nerve growth factor receptor,NTRK1,76
DB00619,Imatinib,small molecule,8,P07333,Macrophage colony-stimulating factor 1 receptor,CSF1R,77
DB00619,Imatinib,small molecule,8,P16234,Platelet-derived growth factor receptor alpha,PDGFRA,78
DB00619,Imatinib,small molecule,8,Q08345,Epithelial discoidin domain-containing receptor 1,DDR1,79
DB00619,Imatinib,small molecule,8,P00519,Tyrosine-protein kinase ABL1,ABL1,80
DB00619,Imatinib,small molecule,8,P09619,Platelet-derived growth factor receptor beta,PDGFRB,45
DB00635,Prednisone,small molecule,50,P04150,Glucocorticoid receptor,NR3C1,36
DB00641,Simvastatin,small molecule,165,P04035,3-hydroxy-3-methylglutaryl-coenzyme A reductase,HMGCR,81
DB00641,Simvastatin,small molecule,165,P20701,Integrin alpha-L,ITGAL,82
DB00641,Simvastatin,small molecule,165,Q92769,Histone deacetylase 2,HDAC2,21
DB00642,Pemetrexed,small molecule,127,P04818,Thymidylate synthase,TYMS,15
DB00642,Pemetrexed,small molecule,127,P31939,Bifunctional purine biosynthesis protein PURH,ATIC,64
DB00642,Pemetrexed,small molecule,127,P00374,Dihydrofolate reductase,DHFR,63
DB00642,Pemetrexed,small molecule,127,P22102,Trifunctional purine biosynthetic protein adenosine-3,GART,83
DB00648,Mitotane,small molecule,202,P15538,"Cytochrome P450 11B1, mitochondrial",CYP11B1,84
DB00648,Mitotane,small molecule,202,P10109,"Adrenodoxin, mitochondrial",FDX1,85
DB00648,Mitotane,small molecule,202,P03372,Estrogen receptor alpha,ESR1,31
DB00648,Mitotane,small molecule,202,P06401,Progesterone receptor,PGR,30
DB00648,Mitotane,small molecule,202,P10275,Androgen receptor,AR,37
DB00661,Verapamil,small molecule,37,Q13936,Voltage-dependent L-type calcium channel subunit alpha-1C,CACNA1C,86
DB00661,Verapamil,small molecule,37,Q00975,Voltage-dependent N-type calcium channel subunit alpha-1B,CACNA1B,87
DB00661,Verapamil,small molecule,37,O00555,Voltage-dependent P/Q-type calcium channel subunit alpha-1A,CACNA1A,88
DB00661,Verapamil,small molecule,37,Q14654,ATP-sensitive inward rectifier potassium channel 11,KCNJ11,89
DB00661,Verapamil,small molecule,37,O43497,Voltage-dependent T-type calcium channel subunit alpha-1G,CACNA1G,90
DB00661,Verapamil,small molecule,37,O95180,Voltage-dependent T-type calcium channel subunit alpha-1H,CACNA1H,91
DB00661,Verapamil,small molecule,37,Q12809,Potassium voltage-gated channel subfamily H member 2,KCNH2,9
DB00661,Verapamil,small molecule,37,P31645,Sodium-dependent serotonin transporter,SLC6A4,92
DB00661,Verapamil,small molecule,37,P35348,Alpha-1A adrenergic receptor,ADRA1A,93
DB00661,Verapamil,small molecule,37,P35368,Alpha-1B adrenergic receptor,ADRA1B,94
DB00661,Verapamil,small molecule,37,P25100,Alpha-1D adrenergic receptor,ADRA1D,95
DB00675,Tamoxifen,small molecule,7,P03372,Estrogen receptor alpha,ESR1,31
DB00675,Tamoxifen,small molecule,7,Q92731,Estrogen receptor beta,ESR2,39
DB00675,Tamoxifen,small molecule,7,Q15125,"3-beta-hydroxysteroid-Delta(8),Delta(7)-isomerase",EBP,96
DB00675,Tamoxifen,small molecule,7,P10275,Androgen receptor,AR,37
DB00675,Tamoxifen,small molecule,7,Q12809,Potassium voltage-gated channel subfamily H member 2,KCNH2,9
DB00675,Tamoxifen,small molecule,7,O75469,Nuclear receptor subfamily 1 group I member 2,NR1I2,6
DB00675,Tamoxifen,small molecule,7,P62508,Estrogen-related receptor gamma,ESRRG,97
DB00675,Tamoxifen,small molecule,7,P04278,Sex hormone-binding globulin,SHBG,38
DB00675,Tamoxifen,small molecule,7,P45983,Mitogen-activated protein kinase 8,MAPK8,98
DB00694,Daunorubicin,small molecule,68,P11388,DNA topoisomerase 2-alpha,TOP2A,52
DB00694,Daunorubicin,small molecule,68,Q02880,DNA topoisomerase 2-beta,TOP2B,99
DB00715,Paroxetine,small molecule,90,P31645,Sodium-dependent serotonin transporter,SLC6A4,92
DB00715,Paroxetine,small molecule,90,P23975,Sodium-dependent noradrenaline transporter,SLC6A2,100
DB00715,Paroxetine,small molecule,90,P28223,5-hydroxytryptamine receptor 2A,HTR2A,101
DB00715,Paroxetine,small molecule,90,P14416,Dopamine D2 receptor,DRD2,102
DB00715,Paroxetine,small molecule,90,P35367,Histamine H1 receptor,HRH1,103
DB00715,Paroxetine,small molecule,90,P41595,5-hydroxytryptamine receptor 2B,HTR2B,104
DB00755,Tretinoin,small molecule,94,P28702,Retinoic acid receptor RXR-beta,RXRB,105
DB00755,Tretinoin,small molecule,94,P48443,Retinoic acid receptor RXR-gamma,RXRG,106
DB00755,Tretinoin,small molecule,94,P13631,Retinoic acid receptor gamma,RARG,107
DB00755,Tretinoin,small molecule,94,P00352,Retinal dehydrogenase 1,ALDH1A1,108
DB00755,Tretinoin,small molecule,94,Q8NFJ5,Retinoic acid-induced protein 3,GPRC5A,109
DB00755,Tretinoin,small molecule,94,O94788,Retinal dehydrogenase 2,ALDH1A2,110
DB00755,Tretinoin,small molecule,94,P49788,Retinoic acid receptor responder protein 1,RARRES1,111
DB00755,Tretinoin,small molecule,94,P10276,Retinoic acid receptor alpha,RARA,112
DB00755,Tretinoin,small molecule,94,P10826,Retinoic acid receptor beta,RARB,113
DB00755,Tretinoin,small molecule,94,P31025,Lipocalin-1,LCN1,114
DB00755,Tretinoin,small molecule,94,Q9NY56,Odorant-binding protein 2a,OBP2A,115
DB00755,Tretinoin,small molecule,94,P02753,Retinol-binding protein 4,RBP4,116
DB00755,Tretinoin,small molecule,94,Q16654,"[Pyruvate dehydrogenase [lipoamide]] kinase isozyme 4, mitochondrial",PDK4,117
DB00755,Tretinoin,small molecule,94,P19793,Retinoic acid receptor RXR-alpha,RXRA,118
DB00755,Tretinoin,small molecule,94,O43174,Cytochrome P450 26A1,CYP26A1,119
DB00755,Tretinoin,small molecule,94,Q9NR63,Cytochrome P450 26B1,CYP26B1,120
DB00755,Tretinoin,small molecule,94,Q6V0L0,Cytochrome P450 26C1,CYP26C1,121
DB00755,Tretinoin,small molecule,94,O60760,Hematopoietic prostaglandin D synthase,HPGDS,122
DB00758,Clopidogrel,small molecule,175,Q9H244,P2Y purinoceptor 12,P2RY12,123
DB00762,Irinotecan,small molecule,129,P11387,DNA topoisomerase 1,TOP1,124
DB00762,Irinotecan,small molecule,129,Q969P6,"DNA topoisomerase I, mitochondrial",TOP1MT,125
DB00773,Etoposide,small molecule,24,P11388,DNA topoisomerase 2-alpha,TOP2A,52
DB00773,Etoposide,small molecule,24,Q02880,DNA topoisomerase 2-beta,TOP2B,99
DB00783,Estradiol,small molecule,147,P03372,Estrogen receptor alpha,ESR1,31
DB00783,Estradiol,small molecule,147,Q92731,Estrogen receptor beta,ESR2,39
DB00783,Estradiol,small molecule,147,O75469,Nuclear receptor subfamily 1 group I member 2,NR1I2,6
DB00783,Estradiol,small molecule,147,P43681,Neuronal acetylcholine receptor subunit alpha-4,CHRNA4,126
DB00783,Estradiol,small molecule,147,Q99527,G-protein coupled estrogen receptor 1,GPER1,127
DB00783,Estradiol,small molecule,147,P00846,ATP synthase subunit a,MT-ATP6,128
DB00783,Estradiol,small molecule,147,Q14457,Beclin-1,BECN1,129
DB00811,Ribavirin,small molecule,122,P20839,Inosine-5'-monophosphate dehydrogenase 1,IMPDH1,130
DB00811,Ribavirin,small molecule,122,P12268,Inosine-5'-monophosphate dehydrogenase 2,IMPDH2,131
DB00811,Ribavirin,small molecule,122,P26676,RNA-directed RNA polymerase L,L,132
DB00811,Ribavirin,small molecule,122,P16502,RNA-directed RNA polymerase catalytic subunit,PB1,133
DB00811,Ribavirin,small molecule,122,P12823,Genome polyprotein,,134
DB00818,Propofol,small molecule,67,P47870,Gamma-aminobutyric acid receptor subunit beta-2,GABRB2,135
DB00818,Propofol,small molecule,67,P28472,Gamma-aminobutyric acid receptor subunit beta-3,GABRB3,136
DB00818,Propofol,small molecule,67,P35499,Sodium channel protein type 4 subunit alpha,SCN4A,137
DB00818,Propofol,small molecule,67,Q99250,Sodium channel protein type 2 subunit alpha,SCN2A,10
DB00851,Dacarbazine,small molecule,133,Q14181,DNA polymerase alpha subunit B,POLA2,138
DB00851,Dacarbazine,small molecule,133,P52209,"6-phosphogluconate dehydrogenase, decarboxylating",PGD,139
DB00860,Prednisolone,small molecule,78,P04150,Glucocorticoid receptor,NR3C1,36
DB00877,Sirolimus,small molecule,31,P42345,Serine/threonine-protein kinase mTOR,MTOR,140
DB00898,Ethanol,small molecule,182,P14867,Gamma-aminobutyric acid receptor subunit alpha-1,GABRA1,141
DB00898,Ethanol,small molecule,182,Q8TCU5,"Glutamate receptor ionotropic, NMDA 3A",GRIN3A,142
DB00898,Ethanol,small molecule,182,P23415,Glycine receptor subunit alpha-1,GLRA1,143
DB00898,Ethanol,small molecule,182,P23416,Glycine receptor subunit alpha-2,GLRA2,144
DB00898,Ethanol,small molecule,182,Q02641,Voltage-dependent L-type calcium channel subunit beta-1,CACNB1,145
DB00898,Ethanol,small molecule,182,P46098,5-hydroxytryptamine receptor 3A,HTR3A,146
DB00898,Ethanol,small molecule,182,P47869,Gamma-aminobutyric acid receptor subunit alpha-2,GABRA2,147
DB00898,Ethanol,small molecule,182,Q9GZZ6,Neuronal acetylcholine receptor subunit alpha-10,CHRNA10,148
DB00898,Ethanol,small molecule,182,Q13936,Voltage-dependent L-type calcium channel subunit alpha-1C,CACNA1C,86
DB00898,Ethanol,small molecule,182,P31644,Gamma-aminobutyric acid receptor subunit alpha-5,GABRA5,149
DB00898,Ethanol,small molecule,182,P48169,Gamma-aminobutyric acid receptor subunit alpha-4,GABRA4,150
DB00898,Ethanol,small molecule,182,P34903,Gamma-aminobutyric acid receptor subunit alpha-3,GABRA3,151
DB00898,Ethanol,small molecule,182,P42261,Glutamate receptor 1,GRIA1,152
DB00898,Ethanol,small molecule,182,Q06432,Voltage-dependent calcium channel gamma-1 subunit,CACNG1,153
DB00898,Ethanol,small molecule,182,Q15822,Neuronal acetylcholine receptor subunit alpha-2,CHRNA2,154
DB00898,Ethanol,small molecule,182,Q16445,Gamma-aminobutyric acid receptor subunit alpha-6,GABRA6,155
DB00898,Ethanol,small molecule,182,P42262,Glutamate receptor 2,GRIA2,156
DB00898,Ethanol,small molecule,182,P48058,Glutamate receptor 4,GRIA4,157
DB00898,Ethanol,small molecule,182,P42263,Glutamate receptor 3,GRIA3,158
DB00898,Ethanol,small molecule,182,P43681,Neuronal acetylcholine receptor subunit alpha-4,CHRNA4,126
DB00898,Ethanol,small molecule,182,P17787,Neuronal acetylcholine receptor subunit beta-2,CHRNB2,159
DB00898,Ethanol,small molecule,182,P48549,G protein-activated inward rectifier potassium channel 1,KCNJ3,160
DB00898,Ethanol,small molecule,182,P48051,G protein-activated inward rectifier potassium channel 2,KCNJ6,161
DB00898,Ethanol,small molecule,182,P19320,Vascular cell adhesion protein 1,VCAM1,162
DB00898,Ethanol,small molecule,182,Q99808,Equilibrative nucleoside transporter 1,SLC29A1,163
DB00898,Ethanol,small molecule,182,P48544,G protein-activated inward rectifier potassium channel 4,KCNJ5,164
DB00898,Ethanol,small molecule,182,P36544,Neuronal acetylcholine receptor subunit alpha-7,CHRNA7,165
DB00898,Ethanol,small molecule,182,Q9UGM1,Neuronal acetylcholine receptor subunit alpha-9,CHRNA9,166
DB00898,Ethanol,small molecule,182,P18505,Gamma-aminobutyric acid receptor subunit beta-1,GABRB1,167
DB00898,Ethanol,small molecule,182,P28472,Gamma-aminobutyric acid receptor subunit beta-3,GABRB3,136
DB00898,Ethanol,small molecule,182,P47870,Gamma-aminobutyric acid receptor subunit beta-2,GABRB2,135
DB00898,Ethanol,small molecule,182,Q13698,Voltage-dependent L-type calcium channel subunit alpha-1S,CACNA1S,168
DB00898,Ethanol,small molecule,182,Q01668,Voltage-dependent L-type calcium channel subunit alpha-1D,CACNA1D,169
DB00898,Ethanol,small molecule,182,P30926,Neuronal acetylcholine receptor subunit beta-4,CHRNB4,170
DB00898,Ethanol,small molecule,182,P32297,Neuronal acetylcholine receptor subunit alpha-3,CHRNA3,171
DB00898,Ethanol,small molecule,182,P30532,Neuronal acetylcholine receptor subunit alpha-5,CHRNA5,172
DB00898,Ethanol,small molecule,182,Q15825,Neuronal acetylcholine receptor subunit alpha-6,CHRNA6,173
DB00898,Ethanol,small molecule,182,Q05901,Neuronal acetylcholine receptor subunit beta-3,CHRNB3,174
DB00898,Ethanol,small molecule,182,Q8N1C3,Gamma-aminobutyric acid receptor subunit gamma-1,GABRG1,175
DB00898,Ethanol,small molecule,182,Q99928,Gamma-aminobutyric acid receptor subunit gamma-3,GABRG3,176
DB00898,Ethanol,small molecule,182,P78334,Gamma-aminobutyric acid receptor subunit epsilon,GABRE,177
DB00898,Ethanol,small molecule,182,O00591,Gamma-aminobutyric acid receptor subunit pi,GABRP,178
DB00898,Ethanol,small molecule,182,Q9UN88,Gamma-aminobutyric acid receptor subunit theta,GABRQ,179
DB00898,Ethanol,small molecule,182,O14764,Gamma-aminobutyric acid receptor subunit delta,GABRD,180
DB00898,Ethanol,small molecule,182,Q14542,Equilibrative nucleoside transporter 2,SLC29A2,181
DB00898,Ethanol,small molecule,182,A5X5Y0,5-hydroxytryptamine receptor 3E,HTR3E,182
DB00898,Ethanol,small molecule,182,O95264,5-hydroxytryptamine receptor 3B,HTR3B,183
DB00898,Ethanol,small molecule,182,Q70Z44,5-hydroxytryptamine receptor 3D,HTR3D,184
DB00898,Ethanol,small molecule,182,Q8WXA8,5-hydroxytryptamine receptor 3C,HTR3C,185
DB00898,Ethanol,small molecule,182,Q9Y698,Voltage-dependent calcium channel gamma-2 subunit,CACNG2,186
DB00898,Ethanol,small molecule,182,Q92806,G protein-activated inward rectifier potassium channel 3,KCNJ9,187
DB00898,Ethanol,small molecule,182,P32004,Neural cell adhesion molecule L1,L1CAM,188
DB00928,Azacitidine,small molecule,76,P26358,DNA (cytosine-5)-methyltransferase 1,DNMT1,189
DB00947,Fulvestrant,small molecule,40,P03372,Estrogen receptor alpha,ESR1,31
DB00959,Methylprednisolone,small molecule,131,P04150,Glucocorticoid receptor,NR3C1,36
DB00959,Methylprednisolone,small molecule,131,P04083,Annexin A1,ANXA1,190
DB00987,Cytarabine,small molecule,23,P06746,DNA polymerase beta,POLB,191
DB00990,Exemestane,small molecule,105,P11511,Cytochrome P450 19A1,CYP19A1,192
DB00997,Doxorubicin,small molecule,0,P11388,DNA topoisomerase 2-alpha,TOP2A,52
DB00997,Doxorubicin,small molecule,0,Q14978,Nucleolar and coiled-body phosphoprotein 1,NOLC1,193
DB01005,Hydroxyurea,small molecule,178,P23921,Ribonucleoside-diphosphate reductase large subunit,RRM1,50
DB01006,Letrozole,small molecule,106,P11511,Cytochrome P450 19A1,CYP19A1,192
DB01030,Topotecan,small molecule,104,P11387,DNA topoisomerase 1,TOP1,124
DB01030,Topotecan,small molecule,104,Q969P6,"DNA topoisomerase I, mitochondrial",TOP1MT,125
DB01073,Fludarabine,small molecule,138,P23921,Ribonucleoside-diphosphate reductase large subunit,RRM1,50
DB01073,Fludarabine,small molecule,138,P09884,DNA polymerase alpha catalytic subunit,POLA1,194
DB01073,Fludarabine,small molecule,138,P27707,Deoxycytidine kinase,DCK,195
DB01082,Streptomycin,small molecule,215,P0A7S3,30S ribosomal protein S12,rpsL,196
DB01082,Streptomycin,small molecule,215,Q9UM07,Protein-arginine deiminase type-4,PADI4,197
DB01101,Capecitabine,small molecule,19,P04818,Thymidylate synthase,TYMS,15
DB01169,Arsenic trioxide,small molecule,112,O14920,Inhibitor of nuclear factor kappa-B kinase subunit beta,IKBKB,198
DB01169,Arsenic trioxide,small molecule,112,Q16881,"Thioredoxin reductase 1, cytoplasmic",TXNRD1,199
DB01169,Arsenic trioxide,small molecule,112,P05412,Transcription factor AP-1,JUN,69
DB01169,Arsenic trioxide,small molecule,112,P24385,G1/S-specific cyclin-D1,CCND1,200
DB01169,Arsenic trioxide,small molecule,112,P27361,Mitogen-activated protein kinase 3,MAPK3,201
DB01169,Arsenic trioxide,small molecule,112,P28482,Mitogen-activated protein kinase 1,MAPK1,202
DB01169,Arsenic trioxide,small molecule,112,P31749,RAC-alpha serine/threonine-protein kinase,AKT1,203
DB01169,Arsenic trioxide,small molecule,112,P38936,Cyclin-dependent kinase inhibitor 1,CDKN1A,204
DB01169,Arsenic trioxide,small molecule,112,Q13547,Histone deacetylase 1,HDAC1,205
DB01169,Arsenic trioxide,small molecule,112,P29590,Protein PML,PML,206
DB01200,Bromocriptine,small molecule,43,P14416,Dopamine D2 receptor,DRD2,102
DB01200,Bromocriptine,small molecule,43,P35462,Dopamine D3 receptor,DRD3,207
DB01200,Bromocriptine,small molecule,43,P28221,5-hydroxytryptamine receptor 1D,HTR1D,208
DB01200,Bromocriptine,small molecule,43,P08913,Alpha-2A adrenergic receptor,ADRA2A,209
DB01200,Bromocriptine,small molecule,43,P08908,5-hydroxytryptamine receptor 1A,HTR1A,73
DB01200,Bromocriptine,small molecule,43,P18825,Alpha-2C adrenergic receptor,ADRA2C,210
DB01200,Bromocriptine,small molecule,43,P18089,Alpha-2B adrenergic receptor,ADRA2B,211
DB01200,Bromocriptine,small molecule,43,P41595,5-hydroxytryptamine receptor 2B,HTR2B,104
DB01200,Bromocriptine,small molecule,43,P21917,Dopamine D4 receptor,DRD4,212
DB01200,Bromocriptine,small molecule,43,P28223,5-hydroxytryptamine receptor 2A,HTR2A,101
DB01200,Bromocriptine,small molecule,43,P28222,5-hydroxytryptamine receptor 1B,HTR1B,74
DB01200,Bromocriptine,small molecule,43,P28335,5-hydroxytryptamine receptor 2C,HTR2C,213
DB01200,Bromocriptine,small molecule,43,P21918,Dopamine D5 receptor,DRD5,214
DB01200,Bromocriptine,small molecule,43,P21728,Dopamine D1 receptor,DRD1,215
DB01200,Bromocriptine,small molecule,43,P35348,Alpha-1A adrenergic receptor,ADRA1A,93
DB01200,Bromocriptine,small molecule,43,P35368,Alpha-1B adrenergic receptor,ADRA1B,94
DB01200,Bromocriptine,small molecule,43,P25100,Alpha-1D adrenergic receptor,ADRA1D,95
DB01200,Bromocriptine,small molecule,43,P34969,5-hydroxytryptamine receptor 7,HTR7,216
DB01202,Levetiracetam,small molecule,185,Q7L0J3,Synaptic vesicle glycoprotein 2A,SV2A,217
DB01202,Levetiracetam,small molecule,185,Q00975,Voltage-dependent N-type calcium channel subunit alpha-1B,CACNA1B,87
DB01204,Mitoxantrone,small molecule,57,P11388,DNA topoisomerase 2-alpha,TOP2A,52
DB01217,Anastrozole,small molecule,58,P11511,Cytochrome P450 19A1,CYP19A1,192
DB01229,Paclitaxel,small molecule,10,Q9H4B7,Tubulin beta-1 chain,TUBB1,218
DB01229,Paclitaxel,small molecule,10,P10415,Apoptosis regulator Bcl-2,BCL2,219
DB01229,Paclitaxel,small molecule,10,P27816,Microtubule-associated protein 4,MAP4,220
DB01229,Paclitaxel,small molecule,10,P11137,Microtubule-associated protein 2,MAP2,221
DB01229,Paclitaxel,small molecule,10,P10636,Microtubule-associated protein tau,MAPT,222
DB01229,Paclitaxel,small molecule,10,O75469,Nuclear receptor subfamily 1 group I member 2,NR1I2,6
DB01234,Dexamethasone,small molecule,48,P04150,Glucocorticoid receptor,NR3C1,36
DB01234,Dexamethasone,small molecule,48,P51843,Nuclear receptor subfamily 0 group B member 1,NR0B1,223
DB01234,Dexamethasone,small molecule,48,P04083,Annexin A1,ANXA1,190
DB01234,Dexamethasone,small molecule,48,P35228,"Nitric oxide synthase, inducible",NOS2,224
DB01234,Dexamethasone,small molecule,48,O75469,Nuclear receptor subfamily 1 group I member 2,NR1I2,6
DB01236,Sevoflurane,small molecule,111,P14867,Gamma-aminobutyric acid receptor subunit alpha-1,GABRA1,141
DB01236,Sevoflurane,small molecule,111,P23415,Glycine receptor subunit alpha-1,GLRA1,143
DB01236,Sevoflurane,small molecule,111,P42261,Glutamate receptor 1,GRIA1,152
DB01236,Sevoflurane,small molecule,111,P98194,Calcium-transporting ATPase type 2C member 1,ATP2C1,225
DB01236,Sevoflurane,small molecule,111,P03886,NADH-ubiquinone oxidoreductase chain 1,MT-ND1,226
DB01236,Sevoflurane,small molecule,111,Q96ER9,Mitochondrial potassium channel,CCDC51,227
DB01248,Docetaxel,small molecule,18,Q9H4B7,Tubulin beta-1 chain,TUBB1,218
DB01248,Docetaxel,small molecule,18,P10415,Apoptosis regulator Bcl-2,BCL2,219
DB01248,Docetaxel,small molecule,18,P11137,Microtubule-associated protein 2,MAP2,221
DB01248,Docetaxel,small molecule,18,P27816,Microtubule-associated protein 4,MAP4,220
DB01248,Docetaxel,small molecule,18,P10636,Microtubule-associated protein tau,MAPT,222
DB01248,Docetaxel,small molecule,18,O75469,Nuclear receptor subfamily 1 group I member 2,NR1I2,6
DB01254,Dasatinib,small molecule,83,P00519,Tyrosine-protein kinase ABL1,ABL1,80
DB01254,Dasatinib,small molecule,83,P12931,Proto-oncogene tyrosine-protein kinase Src,SRC,228
DB01254,Dasatinib,small molecule,83,P29317,Ephrin type-A receptor 2,EPHA2,229
DB01254,Dasatinib,small molecule,83,P06239,Tyrosine-protein kinase Lck,LCK,230
DB01254,Dasatinib,small molecule,83,P07947,Tyrosine-protein kinase Yes,YES1,231
DB01254,Dasatinib,small molecule,83,P10721,Mast/stem cell growth factor receptor Kit,KIT,46
DB01254,Dasatinib,small molecule,83,P09619,Platelet-derived growth factor receptor beta,PDGFRB,45
DB01254,Dasatinib,small molecule,83,P51692,Signal transducer and activator of transcription 5B,STAT5B,232
DB01254,Dasatinib,small molecule,83,P42684,Abelson tyrosine-protein kinase 2,ABL2,233
DB01254,Dasatinib,small molecule,83,P06241,Tyrosine-protein kinase Fyn,FYN,234
DB01254,Dasatinib,small molecule,83,Q06187,Tyrosine-protein kinase BTK,BTK,235
DB01254,Dasatinib,small molecule,83,Q92570,Nuclear receptor subfamily 4 group A member 3,NR4A3,236
DB01254,Dasatinib,small molecule,83,P11274,Breakpoint cluster region protein,BCR,75
DB01254,Dasatinib,small molecule,83,P41240,Tyrosine-protein kinase CSK,CSK,237
DB01254,Dasatinib,small molecule,83,P54756,Ephrin type-A receptor 5,EPHA5,238
DB01254,Dasatinib,small molecule,83,P54760,Ephrin type-B receptor 4,EPHB4,239
DB01254,Dasatinib,small molecule,83,P09769,Tyrosine-protein kinase Fgr,FGR,240
DB01254,Dasatinib,small molecule,83,P42685,Tyrosine-protein kinase FRK,FRK,241
DB01254,Dasatinib,small molecule,83,P11142,Heat shock cognate 71 kDa protein,HSPA8,242
DB01254,Dasatinib,small molecule,83,P07948,Tyrosine-protein kinase Lyn,LYN,243
DB01254,Dasatinib,small molecule,83,Q9NYL2,Mitogen-activated protein kinase kinase kinase MLT,ZAK,244
DB01254,Dasatinib,small molecule,83,Q16539,Mitogen-activated protein kinase 14,MAPK14,245
DB01254,Dasatinib,small molecule,83,Q06203,Amidophosphoribosyltransferase,PPAT,246
DB01259,Lapatinib,small molecule,14,P00533,Epidermal growth factor receptor,EGFR,25
DB01259,Lapatinib,small molecule,14,P04626,Receptor tyrosine-protein kinase erbB-2,ERBB2,247
DB01262,Decitabine,small molecule,109,P26358,DNA (cytosine-5)-methyltransferase 1,DNMT1,189
DB01262,Decitabine,small molecule,109,Q9Y6K1,DNA (cytosine-5)-methyltransferase 3A,DNMT3A,248
DB01262,Decitabine,small molecule,109,Q9UBC3,DNA (cytosine-5)-methyltransferase 3B,DNMT3B,249
DB01268,Sunitinib,small molecule,49,P09619,Platelet-derived growth factor receptor beta,PDGFRB,45
DB01268,Sunitinib,small molecule,49,P17948,Vascular endothelial growth factor receptor 1,FLT1,49
DB01268,Sunitinib,small molecule,49,P10721,Mast/stem cell growth factor receptor Kit,KIT,46
DB01268,Sunitinib,small molecule,49,P35968,Vascular endothelial growth factor receptor 2,KDR,43
DB01268,Sunitinib,small molecule,49,P35916,Vascular endothelial growth factor receptor 3,FLT4,42
DB01268,Sunitinib,small molecule,49,P36888,Receptor-type tyrosine-protein kinase FLT3,FLT3,44
DB01268,Sunitinib,small molecule,49,P07333,Macrophage colony-stimulating factor 1 receptor,CSF1R,77
DB01268,Sunitinib,small molecule,49,P16234,Platelet-derived growth factor receptor alpha,PDGFRA,78
DB01601,Lopinavir,small molecule,191,Q72874,Human immunodeficiency virus type 1 protease,pol,57
DB01645,Genistein,small molecule,128,Q92731,Estrogen receptor beta,ESR2,39
DB01645,Genistein,small molecule,128,P11388,DNA topoisomerase 2-alpha,TOP2A,52
DB01645,Genistein,small molecule,128,Q14289,Protein-tyrosine kinase 2-beta,PTK2B,250
DB01645,Genistein,small molecule,128,Q15788,Nuclear receptor coactivator 1,NCOA1,251
DB01645,Genistein,small molecule,128,P03372,Estrogen receptor alpha,ESR1,31
DB01645,Genistein,small molecule,128,Q15596,Nuclear receptor coactivator 2,NCOA2,252
DB01645,Genistein,small molecule,128,O95718,Steroid hormone receptor ERR2,ESRRB,253
DB01645,Genistein,small molecule,128,P11474,Steroid hormone receptor ERR1,ESRRA,254
DB01645,Genistein,small molecule,128,O75469,Nuclear receptor subfamily 1 group I member 2,NR1I2,6
DB01645,Genistein,small molecule,128,P31749,RAC-alpha serine/threonine-protein kinase,AKT1,203
DB01645,Genistein,small molecule,128,Q99527,G-protein coupled estrogen receptor 1,GPER1,127
DB01645,Genistein,small molecule,128,Q16678,Cytochrome P450 1B1,CYP1B1,255
DB01645,Genistein,small molecule,128,P04278,Sex hormone-binding globulin,SHBG,38
DB02010,Staurosporine,small molecule,186,P06239,Tyrosine-protein kinase Lck,LCK,230
DB02010,Staurosporine,small molecule,186,P11309,Serine/threonine-protein kinase pim-1,PIM1,256
DB02010,Staurosporine,small molecule,186,Q08881,Tyrosine-protein kinase ITK/TSK,ITK,257
DB02010,Staurosporine,small molecule,186,P43405,Tyrosine-protein kinase SYK,SYK,258
DB02010,Staurosporine,small molecule,186,P49137,MAP kinase-activated protein kinase 2,MAPKAPK2,259
DB02010,Staurosporine,small molecule,186,P49841,Glycogen synthase kinase-3 beta,GSK3B,260
DB02010,Staurosporine,small molecule,186,P41240,Tyrosine-protein kinase CSK,CSK,237
DB02010,Staurosporine,small molecule,186,P24941,Cyclin-dependent kinase 2,CDK2,261
DB02010,Staurosporine,small molecule,186,P48736,"Phosphatidylinositol 4,5-bisphosphate 3-kinase catalytic subunit gamma isoform",PIK3CG,262
DB02010,Staurosporine,small molecule,186,O15530,3-phosphoinositide-dependent protein kinase 1,PDPK1,263
DB02010,Staurosporine,small molecule,186,Q04759,Protein kinase C theta type,PRKCQ,264
DB02010,Staurosporine,small molecule,186,P43403,Tyrosine-protein kinase ZAP-70,ZAP70,265
DB02010,Staurosporine,small molecule,186,P11229,Muscarinic acetylcholine receptor M1,CHRM1,266
DB02546,Vorinostat,small molecule,61,Q13547,Histone deacetylase 1,HDAC1,205
DB02546,Vorinostat,small molecule,61,Q92769,Histone deacetylase 2,HDAC2,21
DB02546,Vorinostat,small molecule,61,O15379,Histone deacetylase 3,HDAC3,267
DB02546,Vorinostat,small molecule,61,Q9UBN7,Histone deacetylase 6,HDAC6,268
DB02546,Vorinostat,small molecule,61,Q9BY41,Histone deacetylase 8,HDAC8,269
DB02546,Vorinostat,small molecule,61,O67135,Acetoin utilization protein,acuC1,270
DB02901,Stanolone,small molecule,172,P14061,Estradiol 17-beta-dehydrogenase 1,HSD17B1,271
DB02901,Stanolone,small molecule,172,P10275,Androgen receptor,AR,37
DB02901,Stanolone,small molecule,172,P03372,Estrogen receptor alpha,ESR1,31
DB02901,Stanolone,small molecule,172,P08235,Mineralocorticoid receptor,NR3C2,32
DB03424,Ubenimex,small molecule,93,P09960,Leukotriene A-4 hydrolase,LTA4H,272
DB03424,Ubenimex,small molecule,93,Q01693,Bacterial leucyl aminopeptidase,,134
DB04115,Berberine,small molecule,52,P0A0N5,HTH-type transcriptional regulator QacR,qacR,273
DB04115,Berberine,small molecule,52,O15392,Baculoviral IAP repeat-containing protein 5,BIRC5,274
DB04216,Quercetin,small molecule,123,P08631,Tyrosine-protein kinase HCK,HCK,275
DB04216,Quercetin,small molecule,123,P48736,"Phosphatidylinositol 4,5-bisphosphate 3-kinase catalytic subunit gamma isoform",PIK3CG,262
DB04216,Quercetin,small molecule,123,Q6NUS8,UDP-glucuronosyltransferase 3A1,UGT3A1,276
DB04216,Quercetin,small molecule,123,P25705,"ATP synthase subunit alpha, mitochondrial",ATP5A1,277
DB04216,Quercetin,small molecule,123,P06576,"ATP synthase subunit beta, mitochondrial",ATP5B,278
DB04216,Quercetin,small molecule,123,P36542,"ATP synthase subunit gamma, mitochondrial",ATP5C1,279
DB04216,Quercetin,small molecule,123,P11309,Serine/threonine-protein kinase pim-1,PIM1,256
DB04216,Quercetin,small molecule,123,Q9AIU0,HTH-type transcriptional regulator TtgR,ttgR,280
DB04216,Quercetin,small molecule,123,Q6NVY1,"3-hydroxyisobutyryl-CoA hydrolase, mitochondrial",HIBCH,281
DB04216,Quercetin,small molecule,123,Q5G940,3-hydroxyacyl-[acyl-carrier-protein] dehydratase FabZ,fabZ,282
DB04216,Quercetin,small molecule,123,O94768,Serine/threonine-protein kinase 17B,STK17B,283
DB04216,Quercetin,small molecule,123,P03372,Estrogen receptor alpha,ESR1,31
DB04216,Quercetin,small molecule,123,Q92731,Estrogen receptor beta,ESR2,39
DB04216,Quercetin,small molecule,123,P16083,Ribosyldihydronicotinamide dehydrogenase [quinone],NQO2,284
DB04216,Quercetin,small molecule,123,P35869,Aryl hydrocarbon receptor,AHR,285
DB04216,Quercetin,small molecule,123,Q16678,Cytochrome P450 1B1,CYP1B1,255
DB04216,Quercetin,small molecule,123,P60709,"Actin, cytoplasmic 1",ACTB,286
DB04216,Quercetin,small molecule,123,P68400,Casein kinase II subunit alpha,CSNK2A1,287
DB04216,Quercetin,small molecule,123,P67870,Casein kinase II subunit beta,CSNK2B,288
DB04216,Quercetin,small molecule,123,O00303,Eukaryotic translation initiation factor 3 subunit F,EIF3F,289
DB04216,Quercetin,small molecule,123,P07900,Heat shock protein HSP 90-alpha,HSP90AA1,290
DB04216,Quercetin,small molecule,123,P54652,Heat shock-related 70 kDa protein 2,HSPA2,291
DB04216,Quercetin,small molecule,123,Q9Y230,RuvB-like 2,RUVBL2,292
DB04216,Quercetin,small molecule,123,Q15393,Splicing factor 3B subunit 3,SF3B3,293
DB04216,Quercetin,small molecule,123,P22314,Ubiquitin-like modifier-activating enzyme 1,UBA1,294
DB04216,Quercetin,small molecule,123,P04278,Sex hormone-binding globulin,SHBG,38
DB04216,Quercetin,small molecule,123,P16152,Carbonyl reductase [NADPH] 1,CBR1,295
DB04216,Quercetin,small molecule,123,P17676,CCAAT/enhancer-binding protein beta,CEBPB,296
DB04216,Quercetin,small molecule,123,O75469,Nuclear receptor subfamily 1 group I member 2,NR1I2,6
DB04297,Trichostatin A,small molecule,139,Q9BY41,Histone deacetylase 8,HDAC8,269
DB04297,Trichostatin A,small molecule,139,O67135,Acetoin utilization protein,acuC1,270
DB04297,Trichostatin A,small molecule,139,Q8WUI4,Histone deacetylase 7,HDAC7,297
DB04365,Arecoline,small molecule,126,P11229,Muscarinic acetylcholine receptor M1,CHRM1,266
DB04365,Arecoline,small molecule,126,P20309,Muscarinic acetylcholine receptor M3,CHRM3,298
DB04690,Camptothecin,small molecule,53,P11387,DNA topoisomerase 1,TOP1,124
DB04960,Tipifarnib,small molecule,207,P49356,Protein farnesyltransferase subunit beta,FNTB,299
DB04998,AGRO100,small molecule,173,Q9Y6K9,NF-kappa-B essential modulator,IKBKG,300
DB05134,Tanespimycin,small molecule,114,P07900,Heat shock protein HSP 90-alpha,HSP90AA1,290
DB05134,Tanespimycin,small molecule,114,P08238,Heat shock protein HSP 90-beta,HSP90AB1,301
DB05241,XL765,small molecule,141,P42336,"Phosphatidylinositol 4,5-bisphosphate 3-kinase catalytic subunit alpha isoform",PIK3CA,302
DB05241,XL765,small molecule,141,P48736,"Phosphatidylinositol 4,5-bisphosphate 3-kinase catalytic subunit gamma isoform",PIK3CG,262
DB05241,XL765,small molecule,141,O00329,"Phosphatidylinositol 4,5-bisphosphate 3-kinase catalytic subunit delta isoform",PIK3CD,303
DB05241,XL765,small molecule,141,P42338,"Phosphatidylinositol 4,5-bisphosphate 3-kinase catalytic subunit beta isoform",PIK3CB,304
DB05241,XL765,small molecule,141,P42345,Serine/threonine-protein kinase mTOR,MTOR,140
DB05294,Vandetanib,small molecule,199,P15692,Vascular endothelial growth factor A,VEGFA,305
DB05294,Vandetanib,small molecule,199,P00533,Epidermal growth factor receptor,EGFR,25
DB05294,Vandetanib,small molecule,199,Q13882,Protein-tyrosine kinase 6,PTK6,306
DB05294,Vandetanib,small molecule,199,Q02763,Angiopoietin-1 receptor,TEK,307
DB05294,Vandetanib,small molecule,199,P07949,Proto-oncogene tyrosine-protein kinase receptor Ret,RET,48
DB05928,Dovitinib,small molecule,164,O75469,Nuclear receptor subfamily 1 group I member 2,NR1I2,6
DB06287,Temsirolimus,small molecule,33,P42345,Serine/threonine-protein kinase mTOR,MTOR,140
DB06589,Pazopanib,small molecule,124,P17948,Vascular endothelial growth factor receptor 1,FLT1,49
DB06589,Pazopanib,small molecule,124,P35968,Vascular endothelial growth factor receptor 2,KDR,43
DB06589,Pazopanib,small molecule,124,P35916,Vascular endothelial growth factor receptor 3,FLT4,42
DB06589,Pazopanib,small molecule,124,P16234,Platelet-derived growth factor receptor alpha,PDGFRA,78
DB06589,Pazopanib,small molecule,124,P09619,Platelet-derived growth factor receptor beta,PDGFRB,45
DB06589,Pazopanib,small molecule,124,P10721,Mast/stem cell growth factor receptor Kit,KIT,46
DB06589,Pazopanib,small molecule,124,P22607,Fibroblast growth factor receptor 3,FGFR3,308
DB06589,Pazopanib,small molecule,124,Q08881,Tyrosine-protein kinase ITK/TSK,ITK,257
DB06589,Pazopanib,small molecule,124,P05230,Fibroblast growth factor 1,FGF1,309
DB06589,Pazopanib,small molecule,124,Q9UQQ2,SH2B adapter protein 3,SH2B3,310
DB06626,Axitinib,small molecule,84,P17948,Vascular endothelial growth factor receptor 1,FLT1,49
DB06626,Axitinib,small molecule,84,P35968,Vascular endothelial growth factor receptor 2,KDR,43
DB06626,Axitinib,small molecule,84,P35916,Vascular endothelial growth factor receptor 3,FLT4,42
DB06772,Cabazitaxel,small molecule,132,P68366,Tubulin alpha-4A chain,TUBA4A,62
DB06772,Cabazitaxel,small molecule,132,Q9H4B7,Tubulin beta-1 chain,TUBB1,218
DB06774,Capsaicin,small molecule,189,Q8NER1,Transient receptor potential cation channel subfamily V member 1,TRPV1,311
DB06774,Capsaicin,small molecule,189,Q99623,Prohibitin-2,PHB2,312
DB06999,PLX-4720,small molecule,72,P15056,Serine/threonine-protein kinase B-raf,BRAF,40
DB08818,Hyaluronic acid,small molecule,88,P16070,CD44 antigen,CD44,313
DB08818,Hyaluronic acid,small molecule,88,P05362,Intercellular adhesion molecule 1,ICAM1,314
DB08818,Hyaluronic acid,small molecule,88,O75330,Hyaluronan mediated motility receptor,HMMR,315
DB08818,Hyaluronic acid,small molecule,88,O14594,Neurocan core protein,NCAN,316
DB08818,Hyaluronic acid,small molecule,88,P13611,Versican core protein,VCAN,317
DB08818,Hyaluronic acid,small molecule,88,Q07021,"Complement component 1 Q subcomponent-binding protein, mitochondrial",C1QBP,318
DB08818,Hyaluronic acid,small molecule,88,P10915,Hyaluronan and proteoglycan link protein 1,HAPLN1,319
DB08818,Hyaluronic acid,small molecule,88,Q96S86,Hyaluronan and proteoglycan link protein 3,HAPLN3,320
DB08818,Hyaluronic acid,small molecule,88,Q14520,Hyaluronan-binding protein 2,HABP2,321
DB08818,Hyaluronic acid,small molecule,88,Q6UX15,Layilin,LAYN,322
DB08818,Hyaluronic acid,small molecule,88,Q8WWQ8,Stabilin-2,STAB2,323
DB08818,Hyaluronic acid,small molecule,88,P98066,Tumor necrosis factor-inducible gene 6 protein,TNFAIP6,324
DB08818,Hyaluronic acid,small molecule,88,Q9BZV3,Interphotoreceptor matrix proteoglycan 2,IMPG2,325
DB08818,Hyaluronic acid,small molecule,88,Q5JVS0,Intracellular hyaluronan-binding protein 4,HABP4,326
DB08818,Hyaluronic acid,small molecule,88,Q9Y5Y7,Lymphatic vessel endothelial hyaluronic acid receptor 1,LYVE1,327
DB08865,Crizotinib,small molecule,28,Q9UM73,ALK tyrosine kinase receptor,ALK,328
DB08865,Crizotinib,small molecule,28,P08581,Hepatocyte growth factor receptor,MET,329
DB08871,Eribulin,small molecule,149,P10415,Apoptosis regulator Bcl-2,BCL2,219
DB08871,Eribulin,small molecule,149,Q9H4B7,Tubulin beta-1 chain,TUBB1,218
DB08875,Cabozantinib,small molecule,196,P08581,Hepatocyte growth factor receptor,MET,329
DB08875,Cabozantinib,small molecule,196,P35968,Vascular endothelial growth factor receptor 2,KDR,43
DB08875,Cabozantinib,small molecule,196,P07949,Proto-oncogene tyrosine-protein kinase receptor Ret,RET,48
DB08877,Ruxolitinib,small molecule,80,O60674,Tyrosine-protein kinase JAK2,JAK2,330
DB08877,Ruxolitinib,small molecule,80,P23458,Tyrosine-protein kinase JAK1,JAK1,331
DB08877,Ruxolitinib,small molecule,80,P52333,Tyrosine-protein kinase JAK3,JAK3,332
DB08877,Ruxolitinib,small molecule,80,P29597,Non-receptor tyrosine-protein kinase TYK2,TYK2,333
DB08881,Vemurafenib,small molecule,66,P15056,Serine/threonine-protein kinase B-raf,BRAF,40
DB08889,Carfilzomib,small molecule,183,P28074,Proteasome subunit beta type-5,PSMB5,2
DB08889,Carfilzomib,small molecule,183,P28062,Proteasome subunit beta type-8,PSMB8,334
DB08889,Carfilzomib,small molecule,183,P20618,Proteasome subunit beta type-1,PSMB1,3
DB08889,Carfilzomib,small molecule,183,P28065,Proteasome subunit beta type-9,PSMB9,335
DB08889,Carfilzomib,small molecule,183,P49721,Proteasome subunit beta type-2,PSMB2,336
DB08889,Carfilzomib,small molecule,183,P40306,Proteasome subunit beta type-10,PSMB10,337
DB08896,Regorafenib,small molecule,193,P17948,Vascular endothelial growth factor receptor 1,FLT1,49
DB08896,Regorafenib,small molecule,193,P35968,Vascular endothelial growth factor receptor 2,KDR,43
DB08896,Regorafenib,small molecule,193,P35916,Vascular endothelial growth factor receptor 3,FLT4,42
DB08896,Regorafenib,small molecule,193,P10721,Mast/stem cell growth factor receptor Kit,KIT,46
DB08896,Regorafenib,small molecule,193,P16234,Platelet-derived growth factor receptor alpha,PDGFRA,78
DB08896,Regorafenib,small molecule,193,P09619,Platelet-derived growth factor receptor beta,PDGFRB,45
DB08896,Regorafenib,small molecule,193,P11362,Fibroblast growth factor receptor 1,FGFR1,47
DB08896,Regorafenib,small molecule,193,P21802,Fibroblast growth factor receptor 2,FGFR2,338
DB08896,Regorafenib,small molecule,193,Q02763,Angiopoietin-1 receptor,TEK,307
DB08896,Regorafenib,small molecule,193,Q16832,Discoidin domain-containing receptor 2,DDR2,339
DB08896,Regorafenib,small molecule,193,P04629,High affinity nerve growth factor receptor,NTRK1,76
DB08896,Regorafenib,small molecule,193,P29317,Ephrin type-A receptor 2,EPHA2,229
DB08896,Regorafenib,small molecule,193,P04049,RAF proto-oncogene serine/threonine-protein kinase,RAF1,41
DB08896,Regorafenib,small molecule,193,P15056,Serine/threonine-protein kinase B-raf,BRAF,40
DB08896,Regorafenib,small molecule,193,Q15759,Mitogen-activated protein kinase 11,MAPK11,340
DB08896,Regorafenib,small molecule,193,P42685,Tyrosine-protein kinase FRK,FRK,241
DB08896,Regorafenib,small molecule,193,P00519,Tyrosine-protein kinase ABL1,ABL1,80
DB08896,Regorafenib,small molecule,193,P07949,Proto-oncogene tyrosine-protein kinase receptor Ret,RET,48
DB08899,Enzalutamide,small molecule,45,P10275,Androgen receptor,AR,37
DB08901,Ponatinib,small molecule,89,P00519,Tyrosine-protein kinase ABL1,ABL1,80
DB08901,Ponatinib,small molecule,89,P11274,Breakpoint cluster region protein,BCR,75
DB08901,Ponatinib,small molecule,89,P10721,Mast/stem cell growth factor receptor Kit,KIT,46
DB08901,Ponatinib,small molecule,89,P07949,Proto-oncogene tyrosine-protein kinase receptor Ret,RET,48
DB08901,Ponatinib,small molecule,89,Q02763,Angiopoietin-1 receptor,TEK,307
DB08901,Ponatinib,small molecule,89,P36888,Receptor-type tyrosine-protein kinase FLT3,FLT3,44
DB08901,Ponatinib,small molecule,89,P11362,Fibroblast growth factor receptor 1,FGFR1,47
DB08901,Ponatinib,small molecule,89,P21802,Fibroblast growth factor receptor 2,FGFR2,338
DB08901,Ponatinib,small molecule,89,P22607,Fibroblast growth factor receptor 3,FGFR3,308
DB08901,Ponatinib,small molecule,89,P22455,Fibroblast growth factor receptor 4,FGFR4,341
DB08901,Ponatinib,small molecule,89,P06239,Tyrosine-protein kinase Lck,LCK,230
DB08901,Ponatinib,small molecule,89,P12931,Proto-oncogene tyrosine-protein kinase Src,SRC,228
DB08901,Ponatinib,small molecule,89,P07948,Tyrosine-protein kinase Lyn,LYN,243
DB08901,Ponatinib,small molecule,89,P35968,Vascular endothelial growth factor receptor 2,KDR,43
DB08901,Ponatinib,small molecule,89,P16234,Platelet-derived growth factor receptor alpha,PDGFRA,78
DB08911,Trametinib,small molecule,74,Q02750,Dual specificity mitogen-activated protein kinase kinase 1,MAP2K1,342
DB08911,Trametinib,small molecule,74,P36507,Dual specificity mitogen-activated protein kinase kinase 2,MAP2K2,343
DB08912,Dabrafenib,small molecule,73,P15056,Serine/threonine-protein kinase B-raf,BRAF,40
DB08912,Dabrafenib,small molecule,73,P04049,RAF proto-oncogene serine/threonine-protein kinase,RAF1,41
DB08912,Dabrafenib,small molecule,73,P57059,Serine/threonine-protein kinase SIK1,SIK1,344
DB08912,Dabrafenib,small molecule,73,Q8NG66,Serine/threonine-protein kinase Nek11,NEK11,345
DB08912,Dabrafenib,small molecule,73,P53667,LIM domain kinase 1,LIMK1,346
DB08916,Afatinib,small molecule,22,P00533,Epidermal growth factor receptor,EGFR,25
DB08916,Afatinib,small molecule,22,P04626,Receptor tyrosine-protein kinase erbB-2,ERBB2,247
DB08916,Afatinib,small molecule,22,Q15303,Receptor tyrosine-protein kinase erbB-4,ERBB4,347
DB09053,Ibrutinib,small molecule,169,Q06187,Tyrosine-protein kinase BTK,BTK,235
DB09063,Ceritinib,small molecule,56,Q9UM73,ALK tyrosine kinase receptor,ALK,328
DB09073,Palbociclib,small molecule,92,P11802,Cyclin-dependent kinase 4,CDK4,348
DB09073,Palbociclib,small molecule,92,Q00534,Cyclin-dependent kinase 6,CDK6,349
DB09074,Olaparib,small molecule,82,P09874,Poly [ADP-ribose] polymerase 1,PARP1,350
DB09074,Olaparib,small molecule,82,Q9UGN5,Poly [ADP-ribose] polymerase 2,PARP2,351
DB09074,Olaparib,small molecule,82,Q9Y6F1,Poly [ADP-ribose] polymerase 3,PARP3,352
DB09078,Lenvatinib,small molecule,17,P17948,Vascular endothelial growth factor receptor 1,FLT1,49
DB09078,Lenvatinib,small molecule,17,P35968,Vascular endothelial growth factor receptor 2,KDR,43
DB09078,Lenvatinib,small molecule,17,P35916,Vascular endothelial growth factor receptor 3,FLT4,42
DB09078,Lenvatinib,small molecule,17,P11362,Fibroblast growth factor receptor 1,FGFR1,47
DB09078,Lenvatinib,small molecule,17,P21802,Fibroblast growth factor receptor 2,FGFR2,338
DB09078,Lenvatinib,small molecule,17,P22607,Fibroblast growth factor receptor 3,FGFR3,308
DB09078,Lenvatinib,small molecule,17,P22455,Fibroblast growth factor receptor 4,FGFR4,341
DB09078,Lenvatinib,small molecule,17,P16234,Platelet-derived growth factor receptor alpha,PDGFRA,78
DB09078,Lenvatinib,small molecule,17,P07949,Proto-oncogene tyrosine-protein kinase receptor Ret,RET,48
DB09078,Lenvatinib,small molecule,17,P10721,Mast/stem cell growth factor receptor Kit,KIT,46
DB09079,Nintedanib,small molecule,120,P17948,Vascular endothelial growth factor receptor 1,FLT1,49
DB09079,Nintedanib,small molecule,120,P35968,Vascular endothelial growth factor receptor 2,KDR,43
DB09079,Nintedanib,small molecule,120,P35916,Vascular endothelial growth factor receptor 3,FLT4,42
DB09079,Nintedanib,small molecule,120,P16234,Platelet-derived growth factor receptor alpha,PDGFRA,78
DB09079,Nintedanib,small molecule,120,P09619,Platelet-derived growth factor receptor beta,PDGFRB,45
DB09079,Nintedanib,small molecule,120,P11362,Fibroblast growth factor receptor 1,FGFR1,47
DB09079,Nintedanib,small molecule,120,P21802,Fibroblast growth factor receptor 2,FGFR2,338
DB09079,Nintedanib,small molecule,120,P22607,Fibroblast growth factor receptor 3,FGFR3,308
DB09079,Nintedanib,small molecule,120,P36888,Receptor-type tyrosine-protein kinase FLT3,FLT3,44
DB09079,Nintedanib,small molecule,120,P06239,Tyrosine-protein kinase Lck,LCK,230
DB09079,Nintedanib,small molecule,120,P07948,Tyrosine-protein kinase Lyn,LYN,243
DB09079,Nintedanib,small molecule,120,P12931,Proto-oncogene tyrosine-protein kinase Src,SRC,228
DB09330,Osimertinib,small molecule,21,P00533,Epidermal growth factor receptor,EGFR,25
DB11672,Curcumin,small molecule,107,P37231,Peroxisome proliferator-activated receptor gamma,PPARG,24
DB11672,Curcumin,small molecule,107,P11473,Vitamin D3 receptor,VDR,0
DB11672,Curcumin,small molecule,107,O15440,Multidrug resistance-associated protein 5,ABCC5,353
DB11672,Curcumin,small molecule,107,P16152,Carbonyl reductase [NADPH] 1,CBR1,295
DB11672,Curcumin,small molecule,107,P09211,Glutathione S-transferase P,GSTP1,354
DB11730,Ribociclib,small molecule,101,P11802,Cyclin-dependent kinase 4,CDK4,348
DB11730,Ribociclib,small molecule,101,Q00534,Cyclin-dependent kinase 6,CDK6,349
DB11828,Neratinib,small molecule,208,P00533,Epidermal growth factor receptor,EGFR,25
DB12015,Alpelisib,small molecule,100,P42336,"Phosphatidylinositol 4,5-bisphosphate 3-kinase catalytic subunit alpha isoform",PIK3CA,302
DB12093,Tetrahydropalmatine,small molecule,154,P21728,Dopamine D1 receptor,DRD1,215
DB12093,Tetrahydropalmatine,small molecule,154,P14416,Dopamine D2 receptor,DRD2,102
DB12116,Epigallocatechin gallate,small molecule,99,P35869,Aryl hydrocarbon receptor,AHR,285
DB12116,Epigallocatechin gallate,small molecule,99,P26358,DNA (cytosine-5)-methyltransferase 1,DNMT1,189
DB12116,Epigallocatechin gallate,small molecule,99,Q86XF0,"Dihydrofolate reductase, mitochondrial",DHFRL1,355
DB12130,Lorlatinib,small molecule,79,Q9UM73,ALK tyrosine kinase receptor,ALK,328
DB12141,Gilteritinib,small molecule,203,P36888,Receptor-type tyrosine-protein kinase FLT3,FLT3,44
DB12141,Gilteritinib,small molecule,203,P30530,Tyrosine-protein kinase receptor UFO,AXL,356
DB12141,Gilteritinib,small molecule,203,Q9UM73,ALK tyrosine kinase receptor,ALK,328
DB12200,Tivantinib,small molecule,75,P08581,Hepatocyte growth factor receptor,MET,329
DB12340,Navitoclax,small molecule,81,P10415,Apoptosis regulator Bcl-2,BCL2,219
DB12340,Navitoclax,small molecule,81,Q92843,Bcl-2-like protein 2,BCL2L2,357
DB12340,Navitoclax,small molecule,81,Q92934,Bcl2 antagonist of cell death,BAD,358
DB12874,Quizartinib,small molecule,204,P36888,Receptor-type tyrosine-protein kinase FLT3,FLT3,44
